Lane,SampleID,Index,# Reads,# Perfect Index Reads,# One Mismatch Index Reads,# Two Mismatch Index Reads,% Reads,% Perfect Index Reads,% One Mismatch Index Reads,% Two Mismatch Index Reads
1,HTL042,TAAGGCGA-ATAGAGAG,210075,200265,9810,0,0.0015,0.9533,0.0467,0
1,HTL024,TAAGGCGA-AGAGGATA,219273,210199,9074,0,0.0016,0.9586,0.0414,0
1,HTL044,TAAGGCGA-CTCCTTAC,197066,189497,7569,0,0.0014,0.9616,0.0384,0
1,HTL045,TAAGGCGA-TATGCAGT,164529,153667,10862,0,0.0012,0.934,0.066,0
1,HTL016,TAAGGCGA-TACTCCTT,177806,171007,6799,0,0.0013,0.9618,0.0382,0
1,HTL026,TAAGGCGA-AGGCTTAG,165468,158646,6822,0,0.0012,0.9588,0.0412,0
1,HTF16T1,TAAGGCGA-ATTAGACG,195603,187889,7714,0,0.0014,0.9606,0.0394,0
1,HTL082,TAAGGCGA-CGGAGAGA,29287,27204,2083,0,0.0002,0.9289,0.0711,0
1,HTL032,CGTACTAG-ATAGAGAG,241084,228848,12236,0,0.0018,0.9492,0.0508,0
1,HTL062,CGTACTAG-AGAGGATA,183637,174554,9083,0,0.0013,0.9505,0.0495,0
1,HTL015,CGTACTAG-CTCCTTAC,146734,139727,7007,0,0.0011,0.9522,0.0478,0
1,HTL035,CGTACTAG-TATGCAGT,166530,154621,11909,0,0.0012,0.9285,0.0715,0
1,HTL046,CGTACTAG-TACTCCTT,170563,162393,8170,0,0.0012,0.9521,0.0479,0
1,HTF21T1,CGTACTAG-AGGCTTAG,150829,143281,7548,0,0.0011,0.95,0.05,0
1,HTF04T0,CGTACTAG-ATTAGACG,147889,140556,7333,0,0.0011,0.9504,0.0496,0
1,HTL084,CGTACTAG-CGGAGAGA,59542,55305,4237,0,0.0004,0.9288,0.0712,0
1,HTL073,AGGCAGAA-ATAGAGAG,230074,216060,14014,0,0.0017,0.9391,0.0609,0
1,HTL053,AGGCAGAA-AGAGGATA,230261,217440,12821,0,0.0017,0.9443,0.0557,0
1,HTL065,AGGCAGAA-CTCCTTAC,195950,185457,10493,0,0.0014,0.9465,0.0535,0
1,HTL056,AGGCAGAA-TATGCAGT,212212,190841,21371,0,0.0016,0.8993,0.1007,0
1,HTL037,AGGCAGAA-TACTCCTT,205531,196071,9460,0,0.0015,0.954,0.046,0
1,HTF13T0,AGGCAGAA-AGGCTTAG,194384,182703,11681,0,0.0014,0.9399,0.0601,0
1,HTF29T0,AGGCAGAA-ATTAGACG,176822,167580,9242,0,0.0013,0.9477,0.0523,0
1,HTF27T0,AGGCAGAA-CGGAGAGA,107658,97393,10265,0,0.0008,0.9047,0.0953,0
1,HTL022,TCCTGAGC-ATAGAGAG,197884,188706,9178,0,0.0014,0.9536,0.0464,0
1,HTL034,TCCTGAGC-AGAGGATA,158033,151270,6763,0,0.0012,0.9572,0.0428,0
1,HTL007,TCCTGAGC-CTCCTTAC,127582,122822,4760,0,0.0009,0.9627,0.0373,0
1,HTL076,TCCTGAGC-TATGCAGT,167986,154892,13094,0,0.0012,0.9221,0.0779,0
1,HTL066,TCCTGAGC-TACTCCTT,116928,112300,4628,0,0.0009,0.9604,0.0396,0
1,HTF22T0,TCCTGAGC-AGGCTTAG,165285,157650,7635,0,0.0012,0.9538,0.0462,0
1,HTF12T0,TCCTGAGC-ATTAGACG,149783,143594,6189,0,0.0011,0.9587,0.0413,0
1,HTF03T1,TCCTGAGC-CGGAGAGA,126654,119684,6970,0,0.0009,0.945,0.055,0
1,HTL013,GGACTCCT-ATAGAGAG,260824,243956,16868,0,0.0019,0.9353,0.0647,0
1,HTL055,GGACTCCT-AGAGGATA,252791,237621,15170,0,0.0019,0.94,0.06,0
1,HTL075,GGACTCCT-CTCCTTAC,232032,219570,12462,0,0.0017,0.9463,0.0537,0
1,HTL038,GGACTCCT-TATGCAGT,251799,232634,19165,0,0.0018,0.9239,0.0761,0
1,HTL027,GGACTCCT-TACTCCTT,246591,233101,13490,0,0.0018,0.9453,0.0547,0
1,HTL094,GGACTCCT-AGGCTTAG,242728,227775,14953,0,0.0018,0.9384,0.0616,0
1,HTL092,GGACTCCT-ATTAGACG,200610,187759,12851,0,0.0015,0.9359,0.0641,0
1,HTF07T0,GGACTCCT-CGGAGAGA,171965,157953,14012,0,0.0013,0.9185,0.0815,0
1,HTL004,TAGGCATG-ATAGAGAG,208036,197569,10467,0,0.0015,0.9497,0.0503,0
1,HTL006,TAGGCATG-AGAGGATA,224298,214221,10077,0,0.0016,0.9551,0.0449,0
1,HTL008,TAGGCATG-CTCCTTAC,200710,192079,8631,0,0.0015,0.957,0.043,0
1,HTF05T0,TAGGCATG-TATGCAGT,202594,184985,17609,0,0.0015,0.9131,0.0869,0
1,HTL017,TAGGCATG-TACTCCTT,195070,186902,8168,0,0.0014,0.9581,0.0419,0
1,HTF24T0,TAGGCATG-AGGCTTAG,180808,172150,8658,0,0.0013,0.9521,0.0479,0
1,HTF08T0,TAGGCATG-ATTAGACG,170245,162576,7669,0,0.0012,0.955,0.045,0
1,HTF16T0,TAGGCATG-CGGAGAGA,162620,152225,10395,0,0.0012,0.9361,0.0639,0
1,HTL072,CTCTCTAC-ATAGAGAG,242143,229223,12920,0,0.0018,0.9466,0.0534,0
1,HTL074,CTCTCTAC-AGAGGATA,204024,193665,10359,0,0.0015,0.9492,0.0508,0
1,HTF13T1,CTCTCTAC-CTCCTTAC,205385,196034,9351,0,0.0015,0.9545,0.0455,0
1,HTL086,CTCTCTAC-TATGCAGT,182714,167132,15582,0,0.0013,0.9147,0.0853,0
1,HTF18T0,CTCTCTAC-TACTCCTT,175141,167691,7450,0,0.0013,0.9575,0.0425,0
1,HTF27T1,CTCTCTAC-AGGCTTAG,173448,164826,8622,0,0.0013,0.9503,0.0497,0
1,HTL081,CTCTCTAC-ATTAGACG,186660,177980,8680,0,0.0014,0.9535,0.0465,0
1,HTF21T0,CTCTCTAC-CGGAGAGA,87408,81591,5817,0,0.0006,0.9335,0.0665,0
1,HTL061,CGAGGCTG-ATAGAGAG,167156,159056,8100,0,0.0012,0.9515,0.0485,0
1,HTL063,CGAGGCTG-AGAGGATA,176274,168261,8013,0,0.0013,0.9545,0.0455,0
1,HTF18T1,CGAGGCTG-CTCCTTAC,176847,169278,7569,0,0.0013,0.9572,0.0428,0
1,HTL096,CGAGGCTG-TATGCAGT,161942,150546,11396,0,0.0012,0.9296,0.0704,0
1,HTL047,CGAGGCTG-TACTCCTT,171571,164100,7471,0,0.0013,0.9565,0.0435,0
1,HTF07T1,CGAGGCTG-AGGCTTAG,148138,141021,7117,0,0.0011,0.952,0.048,0
1,HTF17T1,CGAGGCTG-ATTAGACG,143896,136980,6916,0,0.0011,0.9519,0.0481,0
1,HTF11T1,CGAGGCTG-CGGAGAGA,104038,97952,6086,0,0.0008,0.9415,0.0585,0
1,HTL052,AAGAGGCA-ATAGAGAG,262101,246628,15473,0,0.0019,0.941,0.059,0
1,HTL043,AAGAGGCA-AGAGGATA,231089,218038,13051,0,0.0017,0.9435,0.0565,0
1,HTL018,AAGAGGCA-CTCCTTAC,220927,209382,11545,0,0.0016,0.9477,0.0523,0
1,HTL095,AAGAGGCA-TATGCAGT,252439,225698,26741,0,0.0018,0.8941,0.1059,0
1,HTF14T0,AAGAGGCA-TACTCCTT,248834,237373,11461,0,0.0018,0.9539,0.0461,0
1,HTL093,AAGAGGCA-AGGCTTAG,211499,198157,13342,0,0.0015,0.9369,0.0631,0
1,HTF26T1,AAGAGGCA-ATTAGACG,312759,297810,14949,0,0.0023,0.9522,0.0478,0
1,HTF02T1,AAGAGGCA-CGGAGAGA,115193,104704,10489,0,0.0008,0.9089,0.0911,0
1,HTL033,GTAGAGGA-ATAGAGAG,230288,218042,12246,0,0.0017,0.9468,0.0532,0
1,HTL054,GTAGAGGA-AGAGGATA,196901,187407,9494,0,0.0014,0.9518,0.0482,0
1,HTL009,GTAGAGGA-CTCCTTAC,142710,135643,7067,0,0.001,0.9505,0.0495,0
1,HTF04T1,GTAGAGGA-TATGCAGT,201338,186519,14819,0,0.0015,0.9264,0.0736,0
1,HTF09T1,GTAGAGGA-TACTCCTT,183097,174787,8310,0,0.0013,0.9546,0.0454,0
1,HTF12T1,GTAGAGGA-AGGCTTAG,146303,138065,8238,0,0.0011,0.9437,0.0563,0
1,HTL083,GTAGAGGA-ATTAGACG,182570,173808,8762,0,0.0013,0.952,0.048,0
1,HTF08T1,GTAGAGGA-CGGAGAGA,129225,121390,7835,0,0.0009,0.9394,0.0606,0
1,HTL023,GCTCATGA-ATAGAGAG,244319,224737,19582,0,0.0018,0.9199,0.0801,0
1,HTL005,GCTCATGA-AGAGGATA,230415,213313,17102,0,0.0017,0.9258,0.0742,0
1,HTL028,GCTCATGA-CTCCTTAC,216559,201919,14640,0,0.0016,0.9324,0.0676,0
1,HTF09T0,GCTCATGA-TATGCAGT,216524,195562,20962,0,0.0016,0.9032,0.0968,0
1,HTF22T1,GCTCATGA-TACTCCTT,214929,199482,15447,0,0.0016,0.9281,0.0719,0
1,HTF17T0,GCTCATGA-AGGCTTAG,207872,191867,16005,0,0.0015,0.923,0.077,0
1,HTF03T0,GCTCATGA-ATTAGACG,205829,190278,15551,0,0.0015,0.9244,0.0756,0
1,HTF29T1,GCTCATGA-CGGAGAGA,170755,155823,14932,0,0.0013,0.9126,0.0874,0
1,HTL014,ATCTCAGG-ATAGAGAG,351636,331696,19940,0,0.0026,0.9433,0.0567,0
1,HTL080,ATCTCAGG-AGAGGATA,140753,133402,7351,0,0.001,0.9478,0.0522,0
1,standard_setA_240612,ATCTCAGG-CTCCTTAC,147400,139951,7449,0,0.0011,0.9495,0.0505,0
1,NTC_setA_240612,ATCTCAGG-TATGCAGT,325248,297615,27633,0,0.0024,0.915,0.085,0
1,stdw_setA_240612,ATCTCAGG-TACTCCTT,354085,337306,16779,0,0.0026,0.9526,0.0474,0
1,eb_setA_240612,ATCTCAGG-AGGCTTAG,317094,299704,17390,0,0.0023,0.9452,0.0548,0
1,pos_setA_240612,ATCTCAGG-ATTAGACG,222115,212009,10106,0,0.0016,0.9545,0.0455,0
1,neg_setA_240612,ATCTCAGG-CGGAGAGA,259128,243606,15522,0,0.0019,0.9401,0.0599,0
1,FCRRRER15T1,ACTCGCTA-ATAGAGAG,282451,269086,13365,0,0.0021,0.9527,0.0473,0
1,FCRRRER11T1,ACTCGCTA-AGAGGATA,252602,241389,11213,0,0.0019,0.9556,0.0444,0
1,FCRRRER14T0,ACTCGCTA-CTCCTTAC,210682,201728,8954,0,0.0015,0.9575,0.0425,0
1,FCRRRER08T1,ACTCGCTA-TATGCAGT,213683,197015,16668,0,0.0016,0.922,0.078,0
1,FCRRRER17T0,ACTCGCTA-TACTCCTT,232526,223129,9397,0,0.0017,0.9596,0.0404,0
1,FCRRRER18T1,ACTCGCTA-AGGCTTAG,221367,210774,10593,0,0.0016,0.9521,0.0479,0
1,FCRRRER10T0,ACTCGCTA-ATTAGACG,226751,217055,9696,0,0.0017,0.9572,0.0428,0
1,FCRRRER25T0,ACTCGCTA-CGGAGAGA,220245,206305,13940,0,0.0016,0.9367,0.0633,0
1,FCRRRER06T1,GGAGCTAC-ATAGAGAG,215919,203840,12079,0,0.0016,0.9441,0.0559,0
1,FCRRRER16T0,GGAGCTAC-AGAGGATA,196044,185311,10733,0,0.0014,0.9453,0.0547,0
1,FCRRRER03T0,GGAGCTAC-CTCCTTAC,191217,181273,9944,0,0.0014,0.948,0.052,0
1,FCRRRER12T1,GGAGCTAC-TATGCAGT,181740,166313,15427,0,0.0013,0.9151,0.0849,0
1,FCRRRER18T0,GGAGCTAC-TACTCCTT,181317,172102,9215,0,0.0013,0.9492,0.0508,0
1,FCRRRER14T1,GGAGCTAC-AGGCTTAG,177551,167052,10499,0,0.0013,0.9409,0.0591,0
1,FCRRRER05T0,GGAGCTAC-ATTAGACG,163132,153877,9255,0,0.0012,0.9433,0.0567,0
1,FCRRRER27T0,GGAGCTAC-CGGAGAGA,180215,169582,10633,0,0.0013,0.941,0.059,0
1,FCRRRER06T0,GCGTAGTA-ATAGAGAG,172967,159357,13610,0,0.0013,0.9213,0.0787,0
1,FCRRRER16T1,GCGTAGTA-AGAGGATA,176283,164617,11666,0,0.0013,0.9338,0.0662,0
1,FCRRRER03T1,GCGTAGTA-CTCCTTAC,161297,149783,11514,0,0.0012,0.9286,0.0714,0
1,FCRRRER13T0,GCGTAGTA-TATGCAGT,163825,148795,15030,0,0.0012,0.9083,0.0917,0
1,FCRRRER22T0,GCGTAGTA-TACTCCTT,162849,151816,11033,0,0.0012,0.9323,0.0677,0
1,FCRRRER15T0,GCGTAGTA-AGGCTTAG,173080,160848,12232,0,0.0013,0.9293,0.0707,0
1,FCRRRER26T1,GCGTAGTA-ATTAGACG,160068,148887,11181,0,0.0012,0.9301,0.0699,0
1,FCRRRER28T0,GCGTAGTA-CGGAGAGA,163119,149922,13197,0,0.0012,0.9191,0.0809,0
1,FCRRRER01T0,CGGAGCCT-ATAGAGAG,225206,213902,11304,0,0.0016,0.9498,0.0502,0
1,FCRRRER07T1,CGGAGCCT-AGAGGATA,224265,213763,10502,0,0.0016,0.9532,0.0468,0
1,FCRRRER08T0,CGGAGCCT-CTCCTTAC,223179,213507,9672,0,0.0016,0.9567,0.0433,0
1,FCRRRER09T0,CGGAGCCT-TATGCAGT,211005,197058,13947,0,0.0015,0.9339,0.0661,0
1,FCRRRER09T1,CGGAGCCT-TACTCCTT,191782,183347,8435,0,0.0014,0.956,0.044,0
1,FCRRRER25T1,CGGAGCCT-AGGCTTAG,227593,216208,11385,0,0.0017,0.95,0.05,0
1,FCRRRER24T1,CGGAGCCT-ATTAGACG,193172,184323,8849,0,0.0014,0.9542,0.0458,0
1,FCRRRER28T1,CGGAGCCT-CGGAGAGA,181445,170793,10652,0,0.0013,0.9413,0.0587,0
1,FCRRRER01T1,TACGCTGC-ATAGAGAG,232583,222113,10470,0,0.0017,0.955,0.045,0
1,FCRRRER21T0,TACGCTGC-AGAGGATA,186369,178730,7639,0,0.0014,0.959,0.041,0
1,FCRRRER04T1,TACGCTGC-CTCCTTAC,179301,172265,7036,0,0.0013,0.9608,0.0392,0
1,FCRRRER19T1,TACGCTGC-TATGCAGT,174285,160145,14140,0,0.0013,0.9189,0.0811,0
1,FCRRRER26T0,TACGCTGC-TACTCCTT,179701,172767,6934,0,0.0013,0.9614,0.0386,0
1,FCRRRER23T1,TACGCTGC-AGGCTTAG,176289,168767,7522,0,0.0013,0.9573,0.0427,0
1,FCRRRER24T0,TACGCTGC-ATTAGACG,166111,159175,6936,0,0.0012,0.9582,0.0418,0
1,FCRRRER32T0,TACGCTGC-CGGAGAGA,168621,159838,8783,0,0.0012,0.9479,0.0521,0
1,FCRRRER02T0,ATGCGCAG-ATAGAGAG,170862,160011,10851,0,0.0013,0.9365,0.0635,0
1,FCRRRER04T0,ATGCGCAG-AGAGGATA,172124,163061,9063,0,0.0013,0.9473,0.0527,0
1,FCRRRER19T0,ATGCGCAG-CTCCTTAC,153118,145514,7604,0,0.0011,0.9503,0.0497,0
1,FCRRRER21T1,ATGCGCAG-TATGCAGT,154063,142813,11250,0,0.0011,0.927,0.073,0
1,FCRRRER23T0,ATGCGCAG-TACTCCTT,160241,152737,7504,0,0.0012,0.9532,0.0468,0
1,FCRRRER29T0,ATGCGCAG-AGGCTTAG,158150,149419,8731,0,0.0012,0.9448,0.0552,0
1,FCRRRER29T1,ATGCGCAG-ATTAGACG,143816,136666,7150,0,0.0011,0.9503,0.0497,0
1,FCRRRER33T1,ATGCGCAG-CGGAGAGA,146825,135795,11030,0,0.0011,0.9249,0.0751,0
1,FCRRRER07T0,TAGCGCTC-ATAGAGAG,258102,242814,15288,0,0.0019,0.9408,0.0592,0
1,FCRRRER05T1,TAGCGCTC-AGAGGATA,231748,218546,13202,0,0.0017,0.943,0.057,0
1,FCRRRER20T1,TAGCGCTC-CTCCTTAC,187686,178956,8730,0,0.0014,0.9535,0.0465,0
1,FCRRRER27T1,TAGCGCTC-TATGCAGT,232211,212537,19674,0,0.0017,0.9153,0.0847,0
1,FCRRRER31T1,TAGCGCTC-TACTCCTT,197196,188008,9188,0,0.0014,0.9534,0.0466,0
1,FCRRRER32T1,TAGCGCTC-AGGCTTAG,201252,191470,9782,0,0.0015,0.9514,0.0486,0
1,FCRRRER36T0,TAGCGCTC-ATTAGACG,232740,219528,13212,0,0.0017,0.9432,0.0568,0
1,FCRRRER34T1,TAGCGCTC-CGGAGAGA,197907,185482,12425,0,0.0014,0.9372,0.0628,0
1,FCRRRER11T0,ACTGAGCG-ATAGAGAG,188292,179519,8773,0,0.0014,0.9534,0.0466,0
1,FCRRRER20T0,ACTGAGCG-AGAGGATA,205370,196380,8990,0,0.0015,0.9562,0.0438,0
1,FCRRRER34T0,ACTGAGCG-CTCCTTAC,179878,172445,7433,0,0.0013,0.9587,0.0413,0
1,FCRRRER33T0,ACTGAGCG-TATGCAGT,189139,176618,12521,0,0.0014,0.9338,0.0662,0
1,FCRRRER30T1,ACTGAGCG-TACTCCTT,161160,154559,6601,0,0.0012,0.959,0.041,0
1,FCRRRER35T1,ACTGAGCG-AGGCTTAG,180795,172060,8735,0,0.0013,0.9517,0.0483,0
1,FCRRRER37T0,ACTGAGCG-ATTAGACG,187604,179730,7874,0,0.0014,0.958,0.042,0
1,FCRRRER38T0,ACTGAGCG-CGGAGAGA,215419,203117,12302,0,0.0016,0.9429,0.0571,0
1,FCRRRER12T0,CCTAAGAC-ATAGAGAG,267366,252349,15017,0,0.002,0.9438,0.0562,0
1,FCRRRER22T1,CCTAAGAC-AGAGGATA,249356,237124,12232,0,0.0018,0.9509,0.0491,0
1,FCRRRER31T0,CCTAAGAC-CTCCTTAC,221139,210467,10672,0,0.0016,0.9517,0.0483,0
1,FCRRRER30T0,CCTAAGAC-TATGCAGT,183492,163568,19924,0,0.0013,0.8914,0.1086,0
1,FCRRRER35T0,CCTAAGAC-TACTCCTT,185996,177900,8096,0,0.0014,0.9565,0.0435,0
1,FCRRRER36T1,CCTAAGAC-AGGCTTAG,207634,195816,11818,0,0.0015,0.9431,0.0569,0
1,FCRRRER37T1,CCTAAGAC-ATTAGACG,177039,168570,8469,0,0.0013,0.9522,0.0478,0
1,FCRRRER38T1,CCTAAGAC-CGGAGAGA,196358,181220,15138,0,0.0014,0.9229,0.0771,0
1,FCRRRER39T1,CGATCAGT-ATAGAGAG,244770,232885,11885,0,0.0018,0.9514,0.0486,0
1,FCRRRER42T0,CGATCAGT-AGAGGATA,236109,225348,10761,0,0.0017,0.9544,0.0456,0
1,FCRRRER42T1,CGATCAGT-CTCCTTAC,231053,221045,10008,0,0.0017,0.9567,0.0433,0
1,FCRRRER41T0,CGATCAGT-TATGCAGT,218962,203654,15308,0,0.0016,0.9301,0.0699,0
1,FCRRRER41T1,CGATCAGT-TACTCCTT,186902,178743,8159,0,0.0014,0.9563,0.0437,0
1,FCRRRER40T0,CGATCAGT-AGGCTTAG,176210,167333,8877,0,0.0013,0.9496,0.0504,0
1,FCRRRER40T1,CGATCAGT-ATTAGACG,203662,194589,9073,0,0.0015,0.9555,0.0445,0
1,FCRRRER39T0,CGATCAGT-CGGAGAGA,178416,167789,10627,0,0.0013,0.9404,0.0596,0
1,FCRRRER45T0,TGCAGCTA-ATAGAGAG,280369,267708,12661,0,0.0021,0.9548,0.0452,0
1,FCRRRER49T1,TGCAGCTA-AGAGGATA,278483,266813,11670,0,0.002,0.9581,0.0419,0
1,FCRRRER46T0,TGCAGCTA-CTCCTTAC,246947,236835,10112,0,0.0018,0.9591,0.0409,0
1,FCRRRER50T0,TGCAGCTA-TATGCAGT,237458,224513,12945,0,0.0017,0.9455,0.0545,0
1,FCRRRER50T1,TGCAGCTA-TACTCCTT,222996,214063,8933,0,0.0016,0.9599,0.0401,0
1,FCRRRER46T1,TGCAGCTA-AGGCTTAG,238300,227853,10447,0,0.0017,0.9562,0.0438,0
1,FCRRRER51T0,TGCAGCTA-ATTAGACG,258618,248150,10468,0,0.0019,0.9595,0.0405,0
1,FCRRRER51T1,TGCAGCTA-CGGAGAGA,234098,221674,12424,0,0.0017,0.9469,0.0531,0
1,TPIK39T0,TCGACGTC-ATAGAGAG,208455,194406,14049,0,0.0015,0.9326,0.0674,0
1,FCRRRER45T1,TCGACGTC-AGAGGATA,230506,216462,14044,0,0.0017,0.9391,0.0609,0
1,standard_setB_240612,TCGACGTC-CTCCTTAC,206195,195216,10979,0,0.0015,0.9468,0.0532,0
1,NTC_setB_240612,TCGACGTC-TATGCAGT,308352,260970,47382,0,0.0023,0.8463,0.1537,0
1,stdw_setB_240612,TCGACGTC-TACTCCTT,351872,335933,15939,0,0.0026,0.9547,0.0453,0
1,eb_setB_240612,TCGACGTC-AGGCTTAG,298911,277441,21470,0,0.0022,0.9282,0.0718,0
1,pos_setB_240612,TCGACGTC-ATTAGACG,222005,211080,10925,0,0.0016,0.9508,0.0492,0
1,neg_setB_240612,TCGACGTC-CGGAGAGA,205803,187236,18567,0,0.0015,0.9098,0.0902,0
1,HTF06T1,TAAGGCGA-CTAGTCGA,149947,142389,7558,0,0.0011,0.9496,0.0504,0
1,HTF01T1,TAAGGCGA-AGCTAGAA,149426,142915,6511,0,0.0011,0.9564,0.0436,0
1,HTF26T0,TAAGGCGA-ACTCTAGG,129989,124801,5188,0,0.001,0.9601,0.0399,0
1,HTL077,TAAGGCGA-TCTTACGC,182112,175160,6952,0,0.0013,0.9618,0.0382,0
1,HTF20T0,TAAGGCGA-CTTAATAG,169872,159582,10290,0,0.0012,0.9394,0.0606,0
1,HTL089,TAAGGCGA-ATAGCCTT,245994,236127,9867,0,0.0018,0.9599,0.0401,0
1,HTL091,TAAGGCGA-TAAGGCTC,123827,119121,4706,0,0.0009,0.962,0.038,0
1,HTLCO04,TAAGGCGA-TCGCATAA,248227,239281,8946,0,0.0018,0.964,0.036,0
1,HTF11T0,CGTACTAG-CTAGTCGA,133362,126302,7060,0,0.001,0.9471,0.0529,0
1,HTF01T0,CGTACTAG-AGCTAGAA,109246,103263,5983,0,0.0008,0.9452,0.0548,0
1,HTF06T0,CGTACTAG-ACTCTAGG,108378,102800,5578,0,0.0008,0.9485,0.0515,0
1,HTL087,CGTACTAG-TCTTACGC,92483,87747,4736,0,0.0007,0.9488,0.0512,0
1,HTL079,CGTACTAG-CTTAATAG,138803,130363,8440,0,0.001,0.9392,0.0608,0
1,HTF20T1,CGTACTAG-ATAGCCTT,104516,98363,6153,0,0.0008,0.9411,0.0589,0
1,HTF25T1,CGTACTAG-TAAGGCTC,98856,93885,4971,0,0.0007,0.9497,0.0503,0
1,HTF19T0,CGTACTAG-TCGCATAA,98205,93164,5041,0,0.0007,0.9487,0.0513,0
1,HTF05T1,AGGCAGAA-CTAGTCGA,160866,149445,11421,0,0.0012,0.929,0.071,0
1,HTF15T1,AGGCAGAA-AGCTAGAA,145758,136352,9406,0,0.0011,0.9355,0.0645,0
1,HTF10T1,AGGCAGAA-ACTCTAGG,137454,130625,6829,0,0.001,0.9503,0.0497,0
1,HTF24T1,AGGCAGAA-TCTTACGC,118990,112709,6281,0,0.0009,0.9472,0.0528,0
1,HTF14T1,AGGCAGAA-CTTAATAG,155198,139855,15343,0,0.0011,0.9011,0.0989,0
1,HTLCO05,AGGCAGAA-ATAGCCTT,286525,262793,23732,0,0.0021,0.9172,0.0828,0
1,CDROX03U1T5,AGGCAGAA-TAAGGCTC,198806,190394,8412,0,0.0015,0.9577,0.0423,0
1,CDROX03U2T2,AGGCAGAA-TCGCATAA,126560,120399,6161,0,0.0009,0.9513,0.0487,0
1,HTF15T0,TCCTGAGC-CTAGTCGA,110813,105117,5696,0,0.0008,0.9486,0.0514,0
1,HTF10T0,TCCTGAGC-AGCTAGAA,97162,92622,4540,0,0.0007,0.9533,0.0467,0
1,HTL090,TCCTGAGC-ACTCTAGG,62424,59653,2771,0,0.0005,0.9556,0.0444,0
1,HTLCO01,TCCTGAGC-TCTTACGC,209932,202037,7895,0,0.0015,0.9624,0.0376,0
1,HTLCO02,TCCTGAGC-CTTAATAG,258093,240704,17389,0,0.0019,0.9326,0.0674,0
1,CDROX03U2T0,TCCTGAGC-ATAGCCTT,147438,140272,7166,0,0.0011,0.9514,0.0486,0
1,CDROX03U3T2,TCCTGAGC-TAAGGCTC,59609,56843,2766,0,0.0004,0.9536,0.0464,0
1,CDROX03U1T0,TCCTGAGC-TCGCATAA,96057,92070,3987,0,0.0007,0.9585,0.0415,0
1,HTF02T0,GGACTCCT-CTAGTCGA,174329,161294,13035,0,0.0013,0.9252,0.0748,0
1,CDROX03U3T4,GGACTCCT-AGCTAGAA,167211,155191,12020,0,0.0012,0.9281,0.0719,0
1,CDROX02U2T4,GGACTCCT-ACTCTAGG,159156,147861,11295,0,0.0012,0.929,0.071,0
1,CDROX03U2T5,GGACTCCT-TCTTACGC,128422,119730,8692,0,0.0009,0.9323,0.0677,0
1,HTL078,GGACTCCT-CTTAATAG,255151,237264,17887,0,0.0019,0.9299,0.0701,0
1,CDROX03U4T2,GGACTCCT-ATAGCCTT,163040,150272,12768,0,0.0012,0.9217,0.0783,0
1,CDROX02U4T4,GGACTCCT-TAAGGCTC,137004,128105,8899,0,0.001,0.935,0.065,0
1,CDROX02U2T2,GGACTCCT-TCGCATAA,151882,142237,9645,0,0.0011,0.9365,0.0635,0
1,HTF19T1,TAGGCATG-CTAGTCGA,112893,106542,6351,0,0.0008,0.9437,0.0563,0
1,HTLCO03,TAGGCATG-AGCTAGAA,256275,244171,12104,0,0.0019,0.9528,0.0472,0
1,CDROX03U4T4,TAGGCATG-ACTCTAGG,166862,159647,7215,0,0.0012,0.9568,0.0432,0
1,CDROX02U3T4,TAGGCATG-TCTTACGC,97971,93325,4646,0,0.0007,0.9526,0.0474,0
1,HTF25T0,TAGGCATG-CTTAATAG,148657,138422,10235,0,0.0011,0.9312,0.0688,0
1,CDROX03U3T0,TAGGCATG-ATAGCCTT,166071,156717,9354,0,0.0012,0.9437,0.0563,0
1,CDROX03U1T3,TAGGCATG-TAAGGCTC,103697,99220,4477,0,0.0008,0.9568,0.0432,0
1,CDROX02Slurry,TAGGCATG-TCGCATAA,111217,106296,4921,0,0.0008,0.9558,0.0442,0
1,CDROX03U4T0,CTCTCTAC-CTAGTCGA,188351,177945,10406,0,0.0014,0.9448,0.0552,0
1,CDROX02U3T2,CTCTCTAC-AGCTAGAA,157660,150036,7624,0,0.0012,0.9516,0.0484,0
1,CDROX02U1T5,CTCTCTAC-ACTCTAGG,110242,104370,5872,0,0.0008,0.9467,0.0533,0
1,CDROX03U2T3,CTCTCTAC-TCTTACGC,149940,142963,6977,0,0.0011,0.9535,0.0465,0
1,CDROX03U4T5,CTCTCTAC-CTTAATAG,93105,85984,7121,0,0.0007,0.9235,0.0765,0
1,CDROXCO01,CTCTCTAC-ATAGCCTT,267714,252771,14943,0,0.002,0.9442,0.0558,0
1,CDROX02U3T5,CTCTCTAC-TAAGGCTC,125110,119387,5723,0,0.0009,0.9543,0.0457,0
1,CDROX02U1T2,CTCTCTAC-TCGCATAA,106946,101858,5088,0,0.0008,0.9524,0.0476,0
1,CDROX02U4T2,CGAGGCTG-CTAGTCGA,129847,122748,7099,0,0.001,0.9453,0.0547,0
1,CDROX02U1T0,CGAGGCTG-AGCTAGAA,142976,136224,6752,0,0.001,0.9528,0.0472,0
1,CDROX03U3T5,CGAGGCTG-ACTCTAGG,112812,107367,5445,0,0.0008,0.9517,0.0483,0
1,CDROX03U3T3,CGAGGCTG-TCTTACGC,84087,79836,4251,0,0.0006,0.9494,0.0506,0
1,CDROX03U4T3,CGAGGCTG-CTTAATAG,124814,117056,7758,0,0.0009,0.9378,0.0622,0
1,CDROX03U3T1,CGAGGCTG-ATAGCCTT,99157,93595,5562,0,0.0007,0.9439,0.0561,0
1,CDROX02U4T5,CGAGGCTG-TAAGGCTC,84456,80532,3924,0,0.0006,0.9535,0.0465,0
1,CDROX03U1T4,CGAGGCTG-TCGCATAA,99430,94567,4863,0,0.0007,0.9511,0.0489,0
1,CDROX02U2T0,AAGAGGCA-CTAGTCGA,156707,144709,11998,0,0.0011,0.9234,0.0766,0
1,CDROX02U1T3,AAGAGGCA-AGCTAGAA,150997,141337,9660,0,0.0011,0.936,0.064,0
1,CDROX03U1T1,AAGAGGCA-ACTCTAGG,139999,132658,7341,0,0.001,0.9476,0.0524,0
1,CDROX02U2T5,AAGAGGCA-TCTTACGC,166966,158328,8638,0,0.0012,0.9483,0.0517,0
1,CDROX03U2T1,AAGAGGCA-CTTAATAG,142779,128065,14714,0,0.001,0.8969,0.1031,0
1,CDROX03U4T1,AAGAGGCA-ATAGCCTT,146257,135103,11154,0,0.0011,0.9237,0.0763,0
1,CDROX02U3T3,AAGAGGCA-TAAGGCTC,138104,131581,6523,0,0.001,0.9528,0.0472,0
1,CDROX02U2T3,AAGAGGCA-TCGCATAA,86822,81685,5137,0,0.0006,0.9408,0.0592,0
1,CDROX03Stool,GTAGAGGA-CTAGTCGA,125502,117553,7949,0,0.0009,0.9367,0.0633,0
1,CDROX02U4T0,GTAGAGGA-AGCTAGAA,140887,133166,7721,0,0.001,0.9452,0.0548,0
1,CDROX02U3T0,GTAGAGGA-ACTCTAGG,122634,116248,6386,0,0.0009,0.9479,0.0521,0
1,CDROX01U4T4,GTAGAGGA-TCTTACGC,98805,93856,4949,0,0.0007,0.9499,0.0501,0
1,CDROX02U4T3,GTAGAGGA-CTTAATAG,27964,24267,3697,0,0.0002,0.8678,0.1322,0
1,CDROX02U3T1,GTAGAGGA-ATAGCCTT,129446,121422,8024,0,0.0009,0.938,0.062,0
1,CDROXCO03,GTAGAGGA-TAAGGCTC,9680,7644,2036,0,0.0001,0.7897,0.2103,0
1,CDROX03U2T4,GTAGAGGA-TCGCATAA,88183,83482,4701,0,0.0006,0.9467,0.0533,0
1,CDROX02U1T1,GCTCATGA-CTAGTCGA,131361,119696,11665,0,0.001,0.9112,0.0888,0
1,CDROXCO02,GCTCATGA-AGCTAGAA,273357,249976,23381,0,0.002,0.9145,0.0855,0
1,CDROX01U3T4,GCTCATGA-ACTCTAGG,129775,118593,11182,0,0.001,0.9138,0.0862,0
1,CDROX01U1T5,GCTCATGA-TCTTACGC,107737,98898,8839,0,0.0008,0.918,0.082,0
1,CDROX02U2T1,GCTCATGA-CTTAATAG,82923,74008,8915,0,0.0006,0.8925,0.1075,0
1,CDROX01U3T5,GCTCATGA-ATAGCCTT,126467,115272,11195,0,0.0009,0.9115,0.0885,0
1,CDROX01U4T5,GCTCATGA-TAAGGCTC,21063,17950,3113,0,0.0002,0.8522,0.1478,0
1,CDROX03U1T2,GCTCATGA-TCGCATAA,123404,113750,9654,0,0.0009,0.9218,0.0782,0
1,CDROX01U2T5,ATCTCAGG-CTAGTCGA,138177,130095,8082,0,0.001,0.9415,0.0585,0
1,CDROX01U3T2,ATCTCAGG-AGCTAGAA,143594,135760,7834,0,0.0011,0.9454,0.0546,0
1,standard_setC_240612,ATCTCAGG-ACTCTAGG,168881,160812,8069,0,0.0012,0.9522,0.0478,0
1,NTC_setC_240612,ATCTCAGG-TCTTACGC,262243,249265,12978,0,0.0019,0.9505,0.0495,0
1,stdw_setC_240612,ATCTCAGG-CTTAATAG,259936,241745,18191,0,0.0019,0.93,0.07,0
1,eb_setC_240612,ATCTCAGG-ATAGCCTT,264179,247632,16547,0,0.0019,0.9374,0.0626,0
1,pos_setC_240612,ATCTCAGG-TAAGGCTC,146141,139777,6364,0,0.0011,0.9565,0.0435,0
1,neg_setC_240612,ATCTCAGG-TCGCATAA,179028,170926,8102,0,0.0013,0.9547,0.0453,0
1,HTF35T1,ACTCGCTA-CTAGTCGA,168339,159201,9138,0,0.0012,0.9457,0.0543,0
1,HTF43T1,ACTCGCTA-AGCTAGAA,136411,129904,6507,0,0.001,0.9523,0.0477,0
1,HTF35T0,ACTCGCTA-ACTCTAGG,155720,149224,6496,0,0.0011,0.9583,0.0417,0
1,HTF43T0,ACTCGCTA-TCTTACGC,141922,136127,5795,0,0.001,0.9592,0.0408,0
1,HTFCO1,ACTCGCTA-CTTAATAG,337322,311067,26255,0,0.0025,0.9222,0.0778,0
1,HTF49T0,ACTCGCTA-ATAGCCTT,164584,155929,8655,0,0.0012,0.9474,0.0526,0
1,HTL010,ACTCGCTA-TAAGGCTC,159212,152849,6363,0,0.0012,0.96,0.04,0
1,HTL003,ACTCGCTA-TCGCATAA,148674,142669,6005,0,0.0011,0.9596,0.0404,0
1,HTL051,GGAGCTAC-CTAGTCGA,137857,128915,8942,0,0.001,0.9351,0.0649,0
1,HTL002,GGAGCTAC-AGCTAGAA,138987,130483,8504,0,0.001,0.9388,0.0612,0
1,HTF56T0,GGAGCTAC-ACTCTAGG,168272,159107,9165,0,0.0012,0.9455,0.0545,0
1,HTL060,GGAGCTAC-TCTTACGC,199774,190080,9694,0,0.0015,0.9515,0.0485,0
1,HTL071,GGAGCTAC-CTTAATAG,168020,155569,12451,0,0.0012,0.9259,0.0741,0
1,HTL011,GGAGCTAC-ATAGCCTT,217522,205138,12384,0,0.0016,0.9431,0.0569,0
1,HTL020,GGAGCTAC-TAAGGCTC,36832,33220,3612,0,0.0003,0.9019,0.0981,0
1,HTL012,GGAGCTAC-TCGCATAA,113301,106694,6607,0,0.0008,0.9417,0.0583,0
1,HTL030,GCGTAGTA-CTAGTCGA,130433,119810,10623,0,0.001,0.9186,0.0814,0
1,HTL019,GCGTAGTA-AGCTAGAA,193578,180689,12889,0,0.0014,0.9334,0.0666,0
1,HTF60T1,GCGTAGTA-ACTCTAGG,130216,120741,9475,0,0.001,0.9272,0.0728,0
1,HTF55T0,GCGTAGTA-TCTTACGC,70267,65560,4707,0,0.0005,0.933,0.067,0
1,HTF48T1,GCGTAGTA-CTTAATAG,142114,129091,13023,0,0.001,0.9084,0.0916,0
1,HTF41T1,GCGTAGTA-ATAGCCTT,117250,108169,9081,0,0.0009,0.9226,0.0774,0
1,HTF34T1,GCGTAGTA-TAAGGCTC,97751,90423,7328,0,0.0007,0.925,0.075,0
1,HTL021,GCGTAGTA-TCGCATAA,90607,83889,6718,0,0.0007,0.9259,0.0741,0
1,HTL029,CGGAGCCT-CTAGTCGA,148191,140274,7917,0,0.0011,0.9466,0.0534,0
1,HTL039,CGGAGCCT-AGCTAGAA,121696,115358,6338,0,0.0009,0.9479,0.0521,0
1,HTF41T0,CGGAGCCT-ACTCTAGG,119777,113980,5797,0,0.0009,0.9516,0.0484,0
1,HTF48T0,CGGAGCCT-TCTTACGC,119263,113690,5573,0,0.0009,0.9533,0.0467,0
1,HTF53T1,CGGAGCCT-CTTAATAG,131923,123711,8212,0,0.001,0.9378,0.0622,0
1,HTF40T1,CGGAGCCT-ATAGCCTT,137244,129522,7722,0,0.001,0.9437,0.0563,0
1,HTF34T0,CGGAGCCT-TAAGGCTC,137163,131112,6051,0,0.001,0.9559,0.0441,0
1,HTF59T0,CGGAGCCT-TCGCATAA,110528,105199,5329,0,0.0008,0.9518,0.0482,0
1,HTF33T1,TACGCTGC-CTAGTCGA,117971,112379,5592,0,0.0009,0.9526,0.0474,0
1,HTF60T0,TACGCTGC-AGCTAGAA,107765,103135,4630,0,0.0008,0.957,0.043,0
1,HTF59T1,TACGCTGC-ACTCTAGG,105766,101266,4500,0,0.0008,0.9575,0.0425,0
1,HTF54T1,TACGCTGC-TCTTACGC,76605,73437,3168,0,0.0006,0.9586,0.0414,0
1,HTF47T1,TACGCTGC-CTTAATAG,142040,132705,9335,0,0.001,0.9343,0.0657,0
1,HTL040,TACGCTGC-ATAGCCTT,113410,108040,5370,0,0.0008,0.9526,0.0474,0
1,HTL048,TACGCTGC-TAAGGCTC,265665,257461,8204,0,0.0019,0.9691,0.0309,0
1,HTL050,TACGCTGC-TCGCATAA,117822,113174,4648,0,0.0009,0.9606,0.0394,0
1,HTL049,ATGCGCAG-CTAGTCGA,129831,121257,8574,0,0.001,0.934,0.066,0
1,HTL041,ATGCGCAG-AGCTAGAA,102029,96166,5863,0,0.0007,0.9425,0.0575,0
1,HTL031,ATGCGCAG-ACTCTAGG,106275,101019,5256,0,0.0008,0.9505,0.0495,0
1,HTL058,ATGCGCAG-TCTTACGC,84271,80127,4144,0,0.0006,0.9508,0.0492,0
1,HTF47T0,ATGCGCAG-CTTAATAG,110273,100813,9460,0,0.0008,0.9142,0.0858,0
1,HTL059,ATGCGCAG-ATAGCCTT,96097,89553,6544,0,0.0007,0.9319,0.0681,0
1,HTL069,ATGCGCAG-TAAGGCTC,104713,100000,4713,0,0.0008,0.955,0.045,0
1,HTF40T0,ATGCGCAG-TCGCATAA,80443,76497,3946,0,0.0006,0.9509,0.0491,0
1,HTF54T0,TAGCGCTC-CTAGTCGA,166029,156193,9836,0,0.0012,0.9408,0.0592,0
1,HTL067,TAGCGCTC-AGCTAGAA,151428,144208,7220,0,0.0011,0.9523,0.0477,0
1,HTL057,TAGCGCTC-ACTCTAGG,111656,105617,6039,0,0.0008,0.9459,0.0541,0
1,HTF58T0,TAGCGCTC-TCTTACGC,109758,103978,5780,0,0.0008,0.9473,0.0527,0
1,HTF46T1,TAGCGCTC-CTTAATAG,35212,33044,2168,0,0.0003,0.9384,0.0616,0
1,HTF33T0,TAGCGCTC-ATAGCCTT,159904,151404,8500,0,0.0012,0.9468,0.0532,0
1,HTF53T0,TAGCGCTC-TAAGGCTC,143597,135969,7628,0,0.0011,0.9469,0.0531,0
1,HTF32T1,TAGCGCTC-TCGCATAA,139699,133258,6441,0,0.001,0.9539,0.0461,0
1,HTF39T1,ACTGAGCG-CTAGTCGA,128860,122507,6353,0,0.0009,0.9507,0.0493,0
1,HTL068,ACTGAGCG-AGCTAGAA,92660,88136,4524,0,0.0007,0.9512,0.0488,0
1,HTF51T1,ACTGAGCG-ACTCTAGG,127124,121644,5480,0,0.0009,0.9569,0.0431,0
1,HTF58T1,ACTGAGCG-TCTTACGC,93944,89955,3989,0,0.0007,0.9575,0.0425,0
1,HTF57T1,ACTGAGCG-CTTAATAG,163478,154314,9164,0,0.0012,0.9439,0.0561,0
1,HTFCO5,ACTGAGCG-ATAGCCTT,269589,256347,13242,0,0.002,0.9509,0.0491,0
1,CDROXCO05,ACTGAGCG-TAAGGCTC,250169,241351,8818,0,0.0018,0.9648,0.0352,0
1,HTFCO4,ACTGAGCG-TCGCATAA,272119,261268,10851,0,0.002,0.9601,0.0399,0
1,CDROXCO04,CCTAAGAC-CTAGTCGA,145314,135533,9781,0,0.0011,0.9327,0.0673,0
1,HTL001,CCTAAGAC-AGCTAGAA,128124,120927,7197,0,0.0009,0.9438,0.0562,0
1,HTFCO3,CCTAAGAC-ACTCTAGG,286366,274819,11547,0,0.0021,0.9597,0.0403,0
1,HTFCO2,CCTAAGAC-TCTTACGC,282716,271102,11614,0,0.0021,0.9589,0.0411,0
1,HTF46T0,CCTAAGAC-CTTAATAG,25830,23226,2604,0,0.0002,0.8992,0.1008,0
1,HTF39T0,CCTAAGAC-ATAGCCTT,168294,157961,10333,0,0.0012,0.9386,0.0614,0
1,HTF32T0,CCTAAGAC-TAAGGCTC,119191,114169,5022,0,0.0009,0.9579,0.0421,0
1,HTF50T1,CCTAAGAC-TCGCATAA,127309,121360,5949,0,0.0009,0.9533,0.0467,0
1,HTF57T0,CGATCAGT-CTAGTCGA,102405,96819,5586,0,0.0008,0.9455,0.0545,0
1,HTF51T0,CGATCAGT-AGCTAGAA,126555,120245,6310,0,0.0009,0.9501,0.0499,0
1,HTF56T1,CGATCAGT-ACTCTAGG,121806,116241,5565,0,0.0009,0.9543,0.0457,0
1,HTF45T1,CGATCAGT-TCTTACGC,108774,103842,4932,0,0.0008,0.9547,0.0453,0
1,HTF50T0,CGATCAGT-CTTAATAG,168397,158202,10195,0,0.0012,0.9395,0.0605,0
1,HTF49T1,CGATCAGT-ATAGCCTT,138825,130689,8136,0,0.001,0.9414,0.0586,0
1,HTF55T1,CGATCAGT-TAAGGCTC,7239,5879,1360,0,0.0001,0.8121,0.1879,0
1,HTF45T0,CGATCAGT-TCGCATAA,122198,116736,5462,0,0.0009,0.9553,0.0447,0
1,HTF37T1,TGCAGCTA-CTAGTCGA,147148,139833,7315,0,0.0011,0.9503,0.0497,0
1,HTF31T1,TGCAGCTA-AGCTAGAA,22674,20594,2080,0,0.0002,0.9083,0.0917,0
1,HTF31T0,TGCAGCTA-ACTCTAGG,114728,109608,5120,0,0.0008,0.9554,0.0446,0
1,HTF37T0,TGCAGCTA-TCTTACGC,53541,50725,2816,0,0.0004,0.9474,0.0526,0
1,HTF30T1,TGCAGCTA-CTTAATAG,10896,9293,1603,0,0.0001,0.8529,0.1471,0
1,HTF36T1,TGCAGCTA-ATAGCCTT,148007,140758,7249,0,0.0011,0.951,0.049,0
1,HTF36T0,TGCAGCTA-TAAGGCTC,11181,9929,1252,0,0.0001,0.888,0.112,0
1,HTF30T0,TGCAGCTA-TCGCATAA,208146,199680,8466,0,0.0015,0.9593,0.0407,0
1,HTF44T1,TCGACGTC-CTAGTCGA,156899,144805,12094,0,0.0011,0.9229,0.0771,0
1,HTF44T0,TCGACGTC-AGCTAGAA,129835,124146,5689,0,0.001,0.9562,0.0438,0
1,standard_setD_240612,TCGACGTC-ACTCTAGG,152470,145038,7432,0,0.0011,0.9513,0.0487,0
1,NTC_setD_240612,TCGACGTC-TCTTACGC,250565,237674,12891,0,0.0018,0.9486,0.0514,0
1,stdw_setD_240612,TCGACGTC-CTTAATAG,282011,244534,37477,0,0.0021,0.8671,0.1329,0
1,eb_setD_240612,TCGACGTC-ATAGCCTT,274491,250672,23819,0,0.002,0.9132,0.0868,0
1,pos_setD_240612,TCGACGTC-TAAGGCTC,188335,180455,7880,0,0.0014,0.9582,0.0418,0
1,neg_setD_240612,TCGACGTC-TCGCATAA,221282,211898,9384,0,0.0016,0.9576,0.0424,0
1,Undetermined,,71137833,71137833,0,0,0.521,1,0,0
